,hippurate-mannitol,Dibutylamine,hippuric acid,2-mercaptobenzothiazole,N-acetyl-glucosaminic acid,2-phenylacetamide,lys-Ile/lys-leu,Groups
0,3800828.331,51941.6217,21718.88803,13702.77606,109106.3624,7108176.811,955643.5184,0
1,3516090.46,362606.0405,67941.16307,78157.14222,300268.8352,5124476.568,1402296.892,1
2,643196.9058,104382.2523,19009.79719,1693.109469,42199.83167,3812771.33,2689.574499,0
3,728175.915,81069.72368,45840.76092,1474.578607,135713.0612,5615746.082,17945.39411,0
4,6457.730864,309202.6272,445.3626854,9147.539425,935.0257876,272857.9291,66603.76,1
5,1391707.977,76741.24319,18690.69312,1134.934751,128165.0834,3245998.305,1117018.784,0
6,279617.6631,20104.2875,19933.93202,1304.919571,92240.75644,4024334.728,11573.42825,0
7,422983.2076,87412.86305,16078.28406,306.9523749,362.7205961,2803580.568,1472.339692,0
8,49456.60475,1206409.624,2031.738356,821276.8595,401790.4553,3552652.681,2331947.841,1
9,1830808.078,61457.63061,24971.73018,3944.905292,208936.6041,3821391.962,1161051.16,0
10,6796728.052,26820.59413,68391.67258,1410.009641,103474.4963,2867870.256,1710.466771,0
11,1115419.738,39088.02907,12036.25323,1856.911429,268562.8165,2250259.372,2085882.12,0
12,422894.8775,56898.7636,2609.952073,2130.539102,132939.4621,2925403.519,1755779.296,0
13,8469983.54,34933.91822,27001.25873,2310.483742,103934.1957,8070091.326,1013076.873,0
14,160573.3247,276436.6819,1775.226667,247706.6975,730787.4228,1796695.246,3100664.43,1
15,4762894.533,31579.95183,103075.6007,1807.952165,107735.1512,7098160.038,2711.264639,0
16,114203.0634,502256.6898,5246.24389,44727.64872,276659.2058,2466024.971,1499757.235,1
17,2952599.452,72214.3984,48101.12995,1841.043984,239390.3115,6974714.446,1714393.039,0
18,1576067.47,107925.382,14933.33107,961.7801401,117414.7914,2572669.868,3767.824648,0
19,66734.49755,371009.3455,1738.817806,52845.95638,765333.2641,967125.4647,1914196.85,1
20,2554128.295,50148.49718,10354.73761,907.0853885,52461.08131,3105307.886,3525.495919,0
21,48681.11683,236930.1605,3678.079661,12673.12658,441325.6599,737087.437,2447169.385,1
22,278269.0977,132909.2365,11271.93942,1584.146811,178290.6927,3498136.156,6051.885544,0
23,1947576.12,76639.69334,19840.3546,2943.496188,70238.48699,2085251.52,3894.740641,0
24,975994.8777,78986.55891,17023.1679,1174.76094,179921.9863,5083306.099,1305.881347,0
25,991472.7316,59048.92889,2925.623972,2264.08847,145263.4786,844486.6338,1202081.281,0
26,141923.7361,467298.3231,4907.552974,220494.0056,270775.768,813993.8752,2792507.821,1
27,172930.5169,10030.2823,2650.237967,1366.243086,903076.8508,1150702.925,1526769.577,1
28,1248365.901,141943.9442,6521.554916,1109.710678,34496.92302,4689866.514,396654.3492,0
29,1063037.259,359115.0586,3861.556117,5979.055607,6734.064851,784121.8966,49902.71755,1
30,18793.36857,185728.7576,1851.980478,1944.550281,183851.0415,1040311.534,647210.546,1
31,533860.6149,300542.0535,4637.366311,27544.36874,6450.129412,1261694.259,134417.8244,1
32,915709.3543,113860.3048,4607.020142,1409.183359,57451.60125,1406821.483,386660.423,0
33,348820.3546,159013.5494,11676.08025,5528.129871,38028.37808,2867717.678,2268.198697,0
34,378583.5874,47916.70893,2938.222305,734.5548975,5975.226392,1644895.789,528.4318554,0
35,1538936.106,36352.13484,33702.0966,1323.70715,114249.0669,5110994.946,4391.593768,0
36,80949.62124,219802.277,2212.970858,13600.53964,909964.8855,2226249.7,2253257.274,1
37,4984264.738,43490.70356,14464.98864,1797.017212,70527.93856,3246604.059,2599.240056,0
38,14831.51358,182874.594,1545.215325,8860.9276,125077.128,2449932.164,1905184.146,1
39,2099094.959,79677.98441,44458.50594,2530.816823,104290.786,4335902.211,630.0190939,0
40,684099.6914,39799.07403,4577.271095,2460.514881,64107.60512,1979748.141,1315070.704,0
41,2324021.717,113815.1837,66477.28197,1389.406145,141587.9246,5506639.767,1435634.737,0
42,473902.4964,366928.2054,4168.474706,48105.70233,102592.8382,1313838.679,1279895.057,1
43,5488880.404,23923.94852,25871.66568,2108.89056,136932.6106,6104993.969,2264369.049,0
44,331218.9992,231989.4228,3683.857796,30499.04571,3080.943614,1903934.291,63688.0211,1
45,772819.4916,47823.69793,3366.019266,1101.419355,122196.1862,1043366.318,2321.64197,0
46,161030.4973,294466.35,1373.041092,69780.43661,323123.3016,1312225.701,1997297.642,1
47,2029451.73,27867.15552,41890.90524,1466.886852,141436.9558,5216159.381,1118887.822,1
48,109859.0566,48146.90596,15438.15701,886.9644159,407494.3094,3406562.689,1382375.702,0
49,282538.1956,450683.3151,6784.775103,34471.9685,320240.0793,2909286.795,25682.69351,1
50,498757.858,69791.96991,11209.33687,1178.280272,101302.8339,2257513.927,810041.167,0
51,1692705.842,60975.70095,24181.96482,2257.288468,44894.46132,14768553.94,8573.450978,0
52,3773640.929,32242.19123,78459.5393,2369.562686,222024.1987,6666630.973,982301.4432,0
53,357557.7747,182580.2713,20773.95747,1355.659575,46717.82964,4920968.29,476330.5828,0
54,51668.93755,272433.5018,3393.544816,40640.05627,162448.1502,591242.6639,2043384.581,1
55,1037981.783,87240.75982,16909.82848,1050.356014,36689.26316,3694519.748,3916.490108,0
56,87557.40007,25813.24626,18806.51629,1605.86796,365172.911,2937625.312,20414.05037,0
57,214781.3154,494469.609,3932.872009,35820.46631,209086.193,1839610.419,1179766.124,1
58,908753.7644,35206.90714,9176.210142,1590.702626,96604.76418,628877.0096,1938.590326,0
59,1844471.017,36002.0764,38148.48626,1099.277669,141962.6442,4029787.952,776420.926,0
60,574384.0684,94258.24982,7322.992561,4246.480979,23455.84072,2381773.11,164185.186,0
61,163445.7238,287980.7932,5251.504961,10996.60751,89856.9485,1662353.691,1516581.138,1
62,1546512.615,87575.01355,22537.38095,1176.557453,23110.34514,11877876.73,1587.27932,0
63,2089590.061,441414.6831,3770.782001,47131.71715,64928.16241,1041575.392,362461.5719,1
64,1099769.571,48822.10833,13329.68526,8034.933564,43950.51748,2890973.434,4580.631162,0
65,264233.5325,46993.86582,4833.708281,627.8795769,73999.96,1664306.465,1775.209774,0
66,79783.86748,63409.90907,12797.84536,1542.210385,261727.6314,3441886.286,1841924.713,0
67,1821290.849,30828.53785,34932.31603,8396.567033,245644.1163,5542480.959,4883.0684,0
68,1200872.804,79797.47348,12216.99601,4546.755303,231155.6425,2410395.538,11519.16898,0
69,344514.8388,123738.8634,7276.20605,3942.561187,107672.2294,2818503.844,522552.8397,1
70,507622.7087,352899.2357,1191.185002,15746.46521,80282.42142,952056.1484,840617.1087,1
71,651830.4886,355909.7412,5094.415476,60562.35536,305718.1871,1687506.915,795120.4238,1
72,2476479.745,110884.3562,19444.80222,935.341302,4695.365438,6006137.386,99390.61078,0
73,550551.9897,99315.07159,1028.852145,3171.471229,14566.13865,791439.6727,399358.6412,1
74,241195.9515,47678.18017,3293.735937,851.2499999,168084.7003,2127404.055,10152.89638,0
75,1700340.505,119669.7419,23175.86473,1507.349793,36062.73078,2006271.593,813276.8482,0
76,298823.0664,89367.28498,1937.279757,725.1546729,9371.974742,2332646.759,157244.4568,0
77,1032081.344,48657.03235,15877.75823,1318.141788,69968.78559,1717790.36,662464.1945,0
78,24212.20759,482291.2203,1131.71526,26247.95956,160433.4823,1456226.709,2364307.633,1
79,2384695.398,65055.78988,16337.90764,1396.890266,230802.3629,2832375.362,1500.677929,0
80,4742081.787,52791.5285,56138.24651,10068.66625,115932.7504,5896999.879,4064.589024,0
81,3317827.1,56069.55104,16425.86517,1429.635874,271330.7007,3339835.248,1618582.718,0
82,855974.9776,58860.39089,2616.018984,1637.564787,60175.96366,1069623.436,1094975.559,0
83,602274.3401,25492.88076,3240.844638,1629.950971,267281.3709,209902.9353,926805.4638,1
84,952935.3614,145418.7264,14748.36157,3085.852745,10248.15934,3429317.128,658.4290158,0
85,1275570.935,132070.0885,2045.128822,1752.728734,31848.51241,929417.7717,8108.11867,0
86,1090915.278,204616.6979,4569.754559,6205.108837,519969.7978,2665439.445,1363896.523,1
87,864912.2178,58011.81502,13343.36761,1906.653613,76511.02061,1998660.565,1548.225075,0
88,322294.0004,165126.1868,5505.012787,17861.9081,256558.92,2297573.713,796809.4779,1
89,2000242.971,102942.9816,27943.06459,9534.77136,122355.1663,2468799.035,3131.884182,0
90,3189616.882,107569.9104,32136.50893,6706.897995,132185.6386,3634524.904,1253996.21,0
91,185644.1208,156543.2532,17034.33436,1923.437668,181031.1884,4845257.826,1433090.857,0
92,2504356.989,56882.98508,10799.79984,831.5585787,93714.41937,1948646.826,206.234424,0
93,786215.6588,52933.59301,10987.08485,2750.786922,63249.07272,2748206.739,1364074.889,0
94,133928.3022,234430.4776,1075.420133,16790.66736,290454.5121,1455066.63,1873961.172,1
95,1598344.813,73168.68127,24555.58443,1274.200683,48194.21304,939551.8414,4124.104439,0
96,780730.7058,32980.04056,17615.53468,1912.932143,81166.38703,4557593.786,2169277.718,0
97,491298.579,70756.63034,16604.91097,1013.8108,57390.38593,3309553.423,701795.4968,0
98,221368.3342,61435.11206,7801.421655,801.3572487,133658.5177,3019827.492,4151.73215,0
99,355815.2755,776556.7475,3386.437934,38106.49626,133461.6468,1412406.212,805391.4956,1
100,366147.3137,22456.40201,17081.30973,1604.78136,53640.21311,4394401.891,4408.99182,0
101,235656.2877,144359.4675,565.8774605,7752.539451,9452.075602,188081.1945,211420.9313,1
102,5413529.208,99711.49178,25274.34261,2697.630153,56322.54428,5704707.363,762182.0132,0
103,2441438.203,90488.30869,22355.5994,1058.252637,199482.4784,4478234.774,12287.95477,0
104,560827.329,99218.52507,12542.09113,3887.302997,6831.113145,2229861.717,93453.636,0
105,234816.4471,44773.53667,4264.244036,708.4919504,50757.04686,2145796.137,2177.412015,0
106,2067945.403,166037.5207,18970.78334,1884.28069,109551.3464,3390355.813,1864046.966,0
107,506028.1057,55709.74118,1161.267882,1118.746903,23419.28868,819789.2969,480.1142077,0
108,49652.72443,302466.5448,4974.085365,21167.98705,384810.921,1873563.51,627428.8018,1
109,227985.0934,135955.2243,16307.05212,17148.96408,216085.5268,2331101.03,6072.835996,0
110,1292197.753,25423.21056,17768.29874,1762.344553,385626.0177,4479178.208,3887.875364,0
111,42590.72794,508266.0593,4649.519094,139583.3895,97082.26536,2018601.595,873223.9012,1
112,1556732.067,71746.30219,41751.95977,2309.059573,45153.04502,4615276.851,681526.6253,0
113,345323.927,60930.39489,13121.44151,39676.73265,108289.9017,3479799.951,3884.698712,0
114,2891157.697,25737.07974,38996.44194,1669.622873,195870.9175,5632322.236,20930.707,0
115,20617.61675,186908.878,1119.331276,12357.11066,174338.1737,387772.4951,1023630.913,1
116,448687.4259,71703.3623,22453.4565,7666.277883,215350.1156,3815555.072,4765.309575,0
117,1197437.63,94034.59363,21487.56342,3444.803771,170145.0266,3559727.904,1018792.632,0
118,3234511.939,65298.52686,46462.33563,4808.42007,51577.41818,3905962.437,2606.640219,0
119,3313042.645,54736.62471,21430.37346,1618.919994,160244.334,5803548.971,2387.522261,0
120,290047.5083,32098.41944,16561.47994,1093.398571,397480.7394,4029676.184,6723.220542,0
121,590259.1674,351289.5079,1384.50771,41132.33375,140790.0123,682468.8639,1085230.441,1
122,10485.73489,163166.461,1377.146969,11408.01456,61515.23241,1040730.636,1161611.531,1
123,4381233.583,86371.33541,22564.48363,6141.11221,8230.092733,5627052.925,108567.9615,0
124,275419.5072,107955.846,13609.80444,1780.179296,32189.34266,2128769.159,429216.4333,0
125,163933.0022,95965.57193,18732.69535,1570.118874,82280.47395,5399205.859,3913.080295,0
126,197056.6685,107870.2462,2157.53798,937.0172419,25962.01293,915848.301,3151.699142,0
127,2428148.657,70443.46187,21377.17872,1231.647379,30254.9931,4238787.673,483257.96,0
128,1622977.263,36619.26445,9090.112053,3938.248034,268790.8313,2760074.53,7390.330144,0
129,891.6543988,74548.82563,173.7890735,125.5131546,108.6689921,125136.6827,1592.610153,0
130,500082.3878,302154.6185,6996.042103,26517.99236,190762.2547,1760873.505,952661.8239,1
131,4962359.38,70582.07425,67204.99327,57328.5376,55638.66668,5132018.714,1430890.863,0
132,836845.3505,43303.19866,9875.833422,1815.539803,116980.0905,2048007.021,22362.19923,0
133,317027.3794,104759.1787,1602.898058,35780.8004,579714.369,1637422.167,2006588.414,1
134,1772859.815,62095.73384,18872.65903,826.181746,272748.9832,3751037.229,1254928.878,0
135,326865.4483,53664.75427,11450.35775,1353.348415,44862.07672,2780324.503,1860288.868,0
136,134878.092,66443.06587,1654.564158,9600.396122,266368.5064,924782.5986,1798092.883,1
137,188246.7969,261181.4404,1422.645333,75107.40457,86035.14515,1103227.725,758953.7511,1
138,673973.1587,252022.9827,7694.402057,54428.64149,449125.9288,1817321.079,2045320.039,1
139,1017454.817,97271.10927,21317.36378,751.6128823,33700.32224,4695937.686,254837.7337,0
140,466910.1467,80786.85815,10870.16201,1097.882452,24195.78456,1108222.553,593178.6523,0
141,1078409.38,168723.955,421.4090789,36500.7997,20971.85707,150029.543,49744.68289,1
142,695087.4203,60624.0808,1110.356145,804.621621,55231.26176,560439.7081,617187.8871,1
143,1276210.593,136821.5175,5832.09509,1092.817281,136738.0632,3050745.819,4434.538905,1
144,2158547.154,56282.4034,21083.11986,1327.968351,168942.6623,3227444.591,1056920.336,0
145,891378.3559,114171.9813,6363.886504,866.2212521,32759.69659,1606997.558,653585.6802,0
146,2399023.567,26759.3193,51170.18688,1458.824909,95109.1416,5506070.836,1184776.882,0
147,111461.5571,400316.4949,2977.795857,101557.0119,160947.2331,954722.8316,1129489.346,1
148,789629.6767,34974.44426,6207.018563,9220.436727,213747.604,2164464.918,1702750.877,0
149,330540.5183,239229.8886,14837.30383,26301.15801,611938.7688,2511027.214,3878617.717,1
150,1792270.775,25017.3382,29313.67395,1234.485248,192570.5429,4486711.243,7539.761464,0
151,281670.0757,88193.79577,20315.60067,1109.896667,91935.30802,4969733.853,1895901.874,0
152,2943060.225,32293.4216,41940.83639,1189.133712,38038.68281,4235251.423,1440.65605,0
153,729466.5417,38720.25854,24657.92398,1784.74566,65687.99659,8956628.63,3252.559287,0
154,233750.5563,192148.5167,882.2128422,3889.240253,30354.45286,1141575.098,662243.4227,1
155,876927.0934,119009.8541,22019.6976,947.8872961,14606.65691,7084213.126,2477.017021,0
156,1805180.881,383704.2508,9978.536406,44128.67913,253651.1775,2004369.39,1924359.643,1
157,1025979.71,47681.47939,11689.19513,1019.533734,106532.8172,2015644.128,6011.198247,0
158,4008785.919,68325.72822,20623.68908,29550.3351,325645.9768,7427461.1,1053500.659,0
159,71608.24393,53231.7499,11263.11481,845.1319523,110686.7777,2538306.308,1150412.89,0
160,152978.1649,393417.683,2626.208295,2443.09498,801581.6592,1468489.935,14739.71934,0
161,3423708.557,119202.9417,13102.58241,506.625324,16443.95912,1979503.282,1783.726497,0
162,389784.1362,89257.01547,2583.664671,1322.829124,26560.18833,2222074.722,575196.6221,0
163,1493617.549,12684.39174,24295.0027,1794.657744,171241.1861,3596227.802,2401519.893,0
164,1391102.838,66948.6211,14623.04423,1560.927483,156945.5752,1977992.515,1364713.235,0
165,268070.4064,26187.07383,31029.03445,1184.291574,167319.9346,3644479.201,2638.023513,0
166,2074770.794,76912.25619,31152.365,2580.915233,417627.1375,4635454.36,23213.98025,0
167,1557446.653,99362.71886,47669.49052,1895.375359,123899.1188,634560.8435,1086933.765,0
168,456764.5274,70377.13711,8899.974583,1438.992328,157333.2195,3654311.183,5023.10087,0
169,857801.9106,184117.7561,531.6353622,42228.86754,254849.9313,708786.0138,6033.918433,1
170,235354.8058,193663.6472,3456.601176,1803.11614,124994.4889,1020888.064,1434067.809,1
171,2021120.183,124166.8887,11311.64371,876.6038785,13877.91165,1137221.146,3605.47066,0
172,3616025.292,56491.96394,58817.10259,1245.326793,91330.96686,4698426.074,14897.05175,0
173,2201854.72,52642.86424,4028.98642,1153.766542,440609.6765,1651207.775,4887.330313,0
174,1543208.515,77796.73396,25419.12608,1415.770489,68965.43417,3370510.686,1583187.612,0
175,759528.6919,84385.11769,1565.396787,1113.480555,134762.6979,1131623.073,1270306.372,0
176,378231.1565,61643.18398,14930.21356,1239.479041,170525.3496,4766795.388,1265594.179,0
177,2037835.873,16428.83621,34574.11718,1826.261889,120440.8212,5410358.01,2773.225153,0
178,213791.4382,130172.3447,9255.701889,1336.996335,33626.19503,2376464.791,726553.8404,0
179,2912998.945,104610.2025,11394.15776,2166.681513,18462.51075,4969747.589,206063.1403,0
180,890889.7739,62106.65919,5478.585897,1364.526909,37660.40279,1288615.261,3837.117794,0
181,566946.2677,117934.7319,4049.040213,36871.41185,94714.5456,1781135.618,1692408.773,1
182,2185675.597,22964.8746,37018.66755,1434.898817,92105.21527,4806647.075,4233.877834,0
183,2820497.671,43095.33351,64367.19347,1707.705668,170756.2921,5656677.491,14733.95614,0
184,168514.0519,145751.9398,3200.231122,631.3363119,27098.65442,1087189.221,162.3423844,0
185,1820200.019,53007.00471,14899.0612,1366.659804,227452.4781,5038719.106,9369.879559,0
186,13484.52504,65367.89541,1123.427294,1140.229542,311058.3225,588124.423,1587500.457,1
187,46855.55176,315893.9765,3605.471405,145952.8565,89266.65231,176747.7617,669352.5336,1
188,1273520.282,71880.82761,12552.45018,1879.642283,47852.84598,2942818.498,1459946.386,0
189,263367.0494,480605.0062,1754.347215,103792.7441,87491.53267,111410.8397,264705.18,1
190,7393421.048,62775.06153,277723.4219,1132.502029,68628.62001,10619436.69,1197367.541,0
191,371866.2572,328705.6929,10486.72571,32153.33759,47846.49072,1791940.925,702145.4317,1
192,699415.5582,95230.77785,10732.31992,66065.4667,67861.59919,1118757.645,1677.693054,0
193,1856236.43,11568.57939,2149.078466,889.117688,94364.75645,1243137.238,1336.757612,0
194,3515347.362,110150.4308,13343.59409,1751.717395,210444.4877,4278401.109,895683.4863,0
195,1109683.311,54993.55923,19706.38087,941.8147976,4856.319024,3664128.326,558.7257679,0
196,49841.84229,209293.935,2150.854359,8655.697309,191266.0448,1647570.637,949755.0173,1
197,1573661.556,40627.0818,14326.83157,1235.779091,159051.7932,3009620.008,846999.461,0
198,49870.79303,221846.8379,4264.113144,7148.069197,223190.7705,334184.7978,1011405.877,1
199,6144.489338,245754.5632,819.6924244,80381.21655,126983.71,684409.0979,671258.5875,1
200,77622.41282,128072.2211,7214.383822,6951.329472,229533.9422,2251908.648,917013.0441,1
201,200664.6616,263715.5658,5692.572287,78759.29603,109979.6103,1963131.846,955390.9827,1
202,610167.6454,41244.8496,4375.455856,3851.771706,135265.9256,2496773.507,13549.13818,0
203,38206.52927,1247724.705,3734.651905,34938.41092,211897.8135,59719.44762,1843361.06,1
204,138928.3022,238430.4776,1095.420133,16590.66736,293454.5121,1475066.63,1893961.172,1
205,145633.309,245643.0789,1098.5432,18906.789,301098.545,1501098.654,1901890.987,1
206,90023.12,340212.315,1001.123,4563.234,987000.125,4560000.156,3456000.167,1
207,987654.32,54321.11,7654.32,3456.78,87654.32,543211.1,98765.43,1
208,734091.3241,124384.4412,1423.548544,10232.98531,384291.2494,1032138.664,1486127.9281,1
209,550000.921,78912.183,1500.234,2345.662,78900.123,2340000.125,1900000.879,1
210,145623.56201,120356.73214,2345.678234,18923.74421,356121.24543,1254324.35215,2011234.23165,1
211,789087.4203,87624.0808,1345.356145,904.621621,67831.26176,680439.7081,789187.8871,1
212,873456.123,345345.234,1234.567,1567.89,234567.891,1456789.123,1234567.891,1
213,175114.35428,272034.00808,13427.66835,17216.81196,339612.13854,1346523.5995,1431001.7695,1
214,608022.4351,341212.4018,1753.232554,5534.516821,215840.3272,948654.2818,2516839.355,1
215,789012.34567,890123.45678,234.5678901,90123.16216,123456.78912,678901.2345,2345678.871,1
216,690125.3215,87651.12354,1567.252545,3152.152521,12587.46255,601251.2587,301256.5412,1
217,689023.6521,62212.56234,1230.361236,863.125323,57021.6421,580365.2125,630985.1213,1
218,878526.286141,45322.126481,4133.982394,1412.164185,224345.548324,542622.614528,102346.224829,1
219,741265.364,145762.156,4569.348,2546.156,125456.256,1156478.563,456987.364,1
220,142663.32148,223431.53217,1245.234523,19835.66543,356451.23542,1645123.5214,196512.23542,1
221,145678.9012,234567.8912,567.891234,6789.123456,89012.34567,5678.91234,56789.12345,1
222,108212.1239,365920.3457,1667.83921,2176.543261,281542.9876,1085221.3452,1543985.7832,1
223,155193.8959,127500.7832,1747.820155,7591.357666,225639.1915,788670.9037,1020119.479,1
224,746012.2108,301611.1361,2511.791341,11327.21538,381246.0724,1203402.861,1628104.589,1
225,897868.0289,189081.7526,1395.058663,3274.646606,195744.1663,575500.3612,1189818.656,1
226,698742.3203,61234.08081,1156.356145,796.621621,54981.26176,569543.7081,625657.8871,1
227,783641.4208,55516.37146,7839.932526,2250.00848,79531.75333,602928.1968,717381.366,1
228,789012.3456,123456.789,3456.7891,45678.9123,234567.8912,456789.1234,567890.123,1
229,345678.90123,456789.01234,345.6789012,12345.16789,567890.12345,789012.3456,3456789.172,1
230,456789.1234,345678.123,9123.4567,78901.2345,567890.1234,123456.789,789012.345,1
231,285127.6896,343900.1382,4295.192953,19792.96101,616358.025,1964572.742,2724626.125,1
232,55500.12,67543.12,1300.123,2342.123,87900.125,987000.156,76540.167,1
233,54321.09876,6789.123456,123.456789,56789.01234,123456.7891,2345678.91234,3456789.12345,1
234,543211.0987,235950.5678,2348.345721,4562.345261,465321.3562,185621.2346,234523.5672,1
235,123456.3456,123456.7891,456.789123,5678.912345,78901.23456,45678.91234,456789.12345,1
236,121043.562137,24622.905615,789.364124,1934.725423,388552.342168,2351335.478213,2095648.151648,1
237,765432.1238,45623.54611,987.234568,3452.11128,23412.12987,546312.8765,6789.87654,1
238,548744.1237,101235.98214,1202.365132,2541.786521,15054.68563,805645.3211,402346.9832,1
239,654321.0987,354650.5678,3456.345721,7652.345261,565321.3562,234521.2346,345323.5672,1
240,456981.045,354621.648,2390.115,1056.337,189547.358,1225398.654,345876.459,1
241,234562.3022,345630.4776,1234.420133,17890.66736,350454.5121,1565066.63,2073961.172,1
242,284619.5211,123456.789,1234.56789,16790.66736,290454.5121,1455066.63,1873961.172,1
243,226419.1019,341458.0526,1197.386428,13008.82392,426770.8055,1310552.7047,1149825.3975,1
244,123456.78901,234567.89012,34.56789012,5678.901234,67890.12345,78901.23456,89012.34567,1
245,732451.321,123021.381,1456.783,2145.662,350000.187,1800000.215,1200000.871,1
246,546836.0724,452034.3582,5801.856165,26329.94588,819308.5902,2530292.531,3529588.138,1
247,987654.123,34567.891,456.789,234.123,67890.123,567890.123,56789.123,1
248,123098.123,345320.123,2390.21,1098.123,45632.123,678321.123,23412.123,1
249,678901.234,98765.432,345.678,234.567,56789.012,890123.456,123456.789,1
250,134764.5231,232154.8736,1123.246153,17321.21563,289754.0126,1446543.456,1856361.872,1
251,654321.8721,87632.12987,1326.541265,2654.871623,16548.21654,987654.2165,456321.1987,1
252,654321.8721,87632.12987,1326.541265,2654.871623,16548.21654,987654.2165,456321.1987,1
253,456211.256321,125874.651234,12526.463252,3254.62352,125865.32158,563251.23521,234523.45216,1
254,556123.9821,34523.45621,456.123984,2456.89765,32123.12456,678213.7654,45632.89765,1
255,732043.8123,189320.2342,1523.678921,1468.837264,354021.1562,1232655.4873,1087564.6458,1
256,234875.5432,463201.0987,1984.239841,9821.567826,185321.4876,754211.1289,876543.3568,1
257,456321.123,123098.123,1098.123,3453.123,78932.123,45609.123,34532.123,1
258,873456.123,345345.234,1234.567,1567.89,234567.891,1456789.123,1234567.891,1
259,873456.234,345623.123,1234.567,1543.234,345678.901,1234567.89,1234567.89,1
260,876543.2109,901234.5678,345.678912,4567.891234,67890.12345,345678.91234,3456789.12345,1
261,135022.3952,235433.1463,1155.546208,16889.58821,289459.2568,1455962.683,1874936.0802,1
262,234567.89012,345678.90123,1234.56789,17654.32109,356789.01234,1567890.12345,2345678.90123,1
263,723095.8121,55422.9887,1205.662326,1068.884354,47891.21722,582103.3852,593536.5623,1
264,983450.321,123456.789,1500.567,9087.654,300312.185,789011.202,678000.891,1
265,543210.9876,678901.2345,2345.678912,34567.8912,567890.1234,2345678.9123,23456789.1234,1
266,234562.3022,345630.4776,1234.420133,17890.66736,350454.5121,1565066.63,2073961.172,1
267,234562.3022,345630.4776,1234.420133,17890.66736,350454.5121,1565066.63,2073961.172,1
268,234562.3022,345630.4776,1234.420133,17890.66736,350454.5121,1565066.63,2073961.172,1
269,789125.2354,54321.21554,1654.852545,2512.752521,13587.46255,501251.2587,201256.5412,1
270,222222.222,77777.777,1234.567,4567.891,221122.222,666666.666,888888.888,1
271,234567.89012,345678.12345,1234.56789,17890.66736,456789.12345,1234566.63,1456789.172,1
272,123523.66632,345321.23265,1231.234423,12343.54353,234532.25645,654533.45321,453421.23564,1
273,1456200.872,316429.5084,9854.21033,3542.18421,278641.7312,2345201.555,1806455.786,1
274,214536.1234,345678.9012,1234.56789,23456.7891,456789.0123,1234567.8912,12345678.9012,1
275,134819.21304,201554.23127,1129.648211,17623.53453,304521.48521,1432145.1234,1845321.6891,1
276,54321.09876,6789.012345,543.210987,234.123456,56789.01234,789012.3456,89012.34567,1
277,543910.1283,102354.8215,1283.762352,2891.320542,15687.46235,801235.1287,401286.6512,1
278,456789.123,12345.123,789.012,6789.123,13579.123,890123.123,12345.123,1
279,563412.4813,102456.8211,1205.652134,2546.871209,15688.93265,876342.1287,445321.2082,1
