hippurate-mannitol,Dibutylamine,hippuric acid,2-mercaptobenzothiazole,N-acetyl-glucosaminic acid,2-phenylacetamide,lys-Ile/lys-leu,y
1456200.872,316429.5084,9854.21033,3542.18421,278641.7312,2345201.555,1806455.786,1
121043.562137,24622.905615,789.364124,1934.725423,388552.342168,2351335.478213,2095648.151648,1
873421.3829,210325.5417,3675.245611,1487.645123,577790.2164,2354617.645,1120396.9875,1
654321.0294,246458.3647,4589.654512,1025.365215,502654.7896,1678964.125,235468.8975,1
456789.123,12345.123,789.012,6789.123,13579.123,890123.123,12345.123,1
1123456.78,345324.56,5678.89,2345.67,778900.12,2345678.9,1234567.89,1
873456.123,345345.234,1234.567,1567.89,234567.891,1456789.123,1234567.891,1
873456.123,345345.234,1234.567,1567.89,234567.891,1456789.123,1234567.891,1
873456.234,345623.123,1234.567,1543.234,345678.901,1234567.89,1234567.89,1
456789.012,123456.789,789.0123,345.6789,54321.098,345678.901,345678.901,1
789012.3456,123456.789,3456.7891,45678.9123,234567.8912,456789.1234,567890.123,1
456789.1234,345678.123,9123.4567,78901.2345,567890.1234,123456.789,789012.345,1
145633.309,245643.0789,1098.5432,18906.789,301098.545,1501098.654,1901890.987,1
734091.3241,124384.4412,1423.548544,10232.98531,384291.2494,1032138.664,1486127.9281,1
608022.4351,341212.4018,1753.232554,5534.516821,215840.3272,948654.2818,2516839.355,1
897868.0289,189081.7526,1395.058663,3274.646606,195744.1663,575500.3612,1189818.656,1
732451.321,123021.381,1456.783,2145.662,350000.187,1800000.215,1200000.871,1
90023.12,340212.315,1001.123,4563.234,987000.125,4560000.156,3456000.167,1
55500.12,67543.12,1300.123,2342.123,87900.125,987000.156,76540.167,1
983450.321,123456.789,1500.567,9087.654,300312.185,789011.202,678000.891,1
222222.222,77777.777,1234.567,4567.891,221122.222,666666.666,888888.888,1
226419.1019,341458.0526,1197.386428,13008.82392,426770.8055,1310552.7047,1149825.3975,1
556123.9821,34523.45621,456.123984,2456.89765,32123.12456,678213.7654,45632.89765,1
563412.4813,102456.8211,1205.652134,2546.871209,15688.93265,876342.1287,445321.2082,1
654321.8721,87632.12987,1326.541265,2654.871623,16548.21654,987654.2165,456321.1987,1
654321.8721,87632.12987,1326.541265,2654.871623,16548.21654,987654.2165,456321.1987,1
548744.1237,101235.98214,1202.365132,2541.786521,15054.68563,805645.3211,402346.9832,1
543910.1283,102354.8215,1283.762352,2891.320542,15687.46235,801235.1287,401286.6512,1
690125.3215,87651.12354,1567.252545,3152.152521,12587.46255,601251.2587,301256.5412,1
123098.123,345320.123,2390.21,1098.123,45632.123,678321.123,23412.123,1
456321.123,123098.123,1098.123,3453.123,78932.123,45609.123,34532.123,1
653201.156,264589.371,5428.689,1145.986,156547.859,1064085.123,58936.157,1
456981.045,354621.648,2390.115,1056.337,189547.358,1225398.654,345876.459,1
741265.364,145762.156,4569.348,2546.156,125456.256,1156478.563,456987.364,1
234562.3022,345630.4776,1234.420133,17890.66736,350454.5121,1565066.63,2073961.172,1
234562.3022,345630.4776,1234.420133,17890.66736,350454.5121,1565066.63,2073961.172,1
234562.3022,345630.4776,1234.420133,17890.66736,350454.5121,1565066.63,2073961.172,1
234562.3022,345630.4776,1234.420133,17890.66736,350454.5121,1565066.63,2073961.172,1
214536.1234,345678.9012,1234.56789,23456.7891,456789.0123,1234567.8912,12345678.9012,1
543210.9876,678901.2345,2345.678912,34567.8912,567890.1234,2345678.9123,23456789.1234,1
876543.2109,901234.5678,345.678912,4567.891234,67890.12345,345678.91234,3456789.12345,1
123456.3456,123456.7891,456.789123,5678.912345,78901.23456,45678.91234,456789.12345,1
145678.9012,234567.8912,567.891234,6789.123456,89012.34567,5678.91234,56789.12345,1
234567.89012,345678.12345,1234.56789,17890.66736,456789.12345,1234566.63,1456789.172,1
789012.34567,890123.45678,234.5678901,90123.16216,123456.78912,678901.2345,2345678.871,1
345678.90123,456789.01234,345.6789012,12345.16789,567890.12345,789012.3456,3456789.172,1
284619.5211,123456.789,1234.56789,16790.66736,290454.5121,1455066.63,1873961.172,1
145623.56201,120356.73214,2345.678234,18923.74421,356121.24543,1254324.35215,2011234.23165,1
123523.66632,345321.23265,1231.234423,12343.54353,234532.25645,654533.45321,453421.23564,1
134819.21304,201554.23127,1129.648211,17623.53453,304521.48521,1432145.1234,1845321.6891,1
142663.32148,223431.53217,1245.234523,19835.66543,356451.23542,1645123.5214,196512.23542,1
135022.3952,235433.1463,1155.546208,16889.58821,289459.2568,1455962.683,1874936.0802,1
64136.89156,328004.81268,1846.717567,21319.63356,457404.58394,1847451.7116,2121138.9908,1
234567.89012,345678.90123,1234.56789,17654.32109,356789.01234,1567890.12345,2345678.90123,1
765432.10987,876543.21098,234.5678901,6789.012345,76543.21098,876543.21098,987654.32109,1
123456.78901,234567.89012,34.56789012,5678.901234,67890.12345,78901.23456,89012.34567,1
732043.8123,189320.2342,1523.678921,1468.837264,354021.1562,1232655.4873,1087564.6458,1
234875.5432,463201.0987,1984.239841,9821.567826,185321.4876,754211.1289,876543.3568,1
108212.1239,365920.3457,1667.83921,2176.543261,281542.9876,1085221.3452,1543985.7832,1
543211.0987,235950.5678,2348.345721,4562.345261,465321.3562,185621.2346,234523.5672,1
654321.0987,354650.5678,3456.345721,7652.345261,565321.3562,234521.2346,345323.5672,1
134764.5231,232154.8736,1123.246153,17321.21563,289754.0126,1446543.456,1856361.872,1
138928.3022,238430.4776,1095.420133,16590.66736,293454.5121,1475066.63,1893961.172,1
746012.2108,301611.1361,2511.791341,11327.21538,381246.0724,1203402.861,1628104.589,1
155193.8959,127500.7832,1747.820155,7591.357666,225639.1915,788670.9037,1020119.479,1
546836.0724,452034.3582,5801.856165,26329.94588,819308.5902,2530292.531,3529588.138,1
285127.6896,343900.1382,4295.192953,19792.96101,616358.025,1964572.742,2724626.125,1
54321.09876,6789.012345,543.210987,234.123456,56789.01234,789012.3456,89012.34567,1
54321.09876,6789.123456,123.456789,56789.01234,123456.7891,2345678.91234,3456789.12345,1
783641.4208,55516.37146,7839.932526,2250.00848,79531.75333,602928.1968,717381.366,1
878526.286141,45322.126481,4133.982394,1412.164185,224345.548324,542622.614528,102346.224829,1
456211.256321,125874.651234,12526.463252,3254.62352,125865.32158,563251.23521,234523.45216,1
987654.123,34567.891,456.789,234.123,67890.123,567890.123,56789.123,1
987654.32,54321.11,7654.32,3456.78,87654.32,543211.1,98765.43,1
987654.32,54321.11,7654.32,3456.78,87654.32,543211.1,98765.43,1
781234.567,56789.0876,1176.2345,987.654,65432.1018,578901.234,634567.8901,1
550000.921,78912.183,1500.234,2345.662,78900.123,2340000.125,1900000.879,1
876543.214,23423.189,1230.12,1230.231,23400.129,567000.101,45600.192,1
789123.301,55555.555,1301.01,23023.023,200200.301,888888.888,777777.777,1
723095.8121,55422.9887,1205.662326,1068.884354,47891.21722,582103.3852,593536.5623,1
765432.1238,45623.54611,987.234568,3452.11128,23412.12987,546312.8765,6789.87654,1
689023.6521,62212.56234,1230.361236,863.125323,57021.6421,580365.2125,630985.1213,1
789125.2354,54321.21554,1654.852545,2512.752521,13587.46255,501251.2587,201256.5412,1
678901.234,98765.432,345.678,234.567,56789.012,890123.456,123456.789,1
123456.789,45678.901,901.234,890.123,23456.789,567890.123,90123.456,1
789087.4203,87624.0808,1345.356145,904.621621,67831.26176,680439.7081,789187.8871,1
175114.35428,272034.00808,13427.66835,17216.81196,339612.13854,1346523.5995,1431001.7695,1
698742.3203,61234.08081,1156.356145,796.621621,54981.26176,569543.7081,625657.8871,1
